Description,Category
Balfe's BikesLondon,"Plant And Mach addition, 2202 - VAT"
Amazon,"Office Equipment, 2202 - VAT control"
being YE adj 2024,"Office Equip Depreciation b/f, 8004 - Dep on office equipment and 45 more"
Currys,"Office Equip additions, 2202 - VAT control"
Harrods Limited,"Office Equip additions, 2202 - VAT control"
Apple,"Office Equip additions, 2202 - VAT control"
Apple Distribution International,"Office Equipment Additions, 2202 - VAT"
Samsung,"Office Equipment Additions, 2202 - VAT"
B&CE Holdings Ltd,Pension Fund
Nest,Pension Fund
Crows Nest Hotel,Pension Fund
Nest Pension,Pension Fund
Scottish Widows,Scottish Widows
Zurich Assurance,Zurich Assurance
Bupa Central,Healthcare
The Portobello Clinic,Healthcare
Before The Lights Ltd,Healthcare
The Portobello Pharmacy,Healthcare
Private Consultant London,Healthcare
Mallon & Taub,Healthcare
90 Sloane Street Limited,Healthcare
Dr Martin GP LTD,Healthcare
Suzie Orbach,Healthcare
EAPEN & CO. LIMITED,Healthcare
Boots,Healthcare
Hilcrest Pharmacy London,Healthcare
National Pathology,Healthcare
OneWelbeck Imaging & Diagnostics,Healthcare
Tom Davies,Healthcare
Oliver James Warren,Healthcare
Kensington Physio,Healthcare
Princess Grace Hospital,Healthcare
London Medical,Healthcare
Hillcrest Pharmacy,Healthcare
Nationwide Pathology,Healthcare
WTF Therapy,Healthcare
Omid Sobhani,Healthcare
Farmacia Del Cervo,Healthcare
1 Stop Covid Shop,Healthcare
Fortius Clinic,Healthcare
GI Doctors,Healthcare
Andrology,Healthcare
Pharmacie,Healthcare
E-Line Orthodontics,Healthcare
Knightsbridge Dental Care,Healthcare
Nicole Hiebner,Healthcare
Worldwide Insurance,Healthcare
One Heart,Healthcare
HCA International,Healthcare
Portobello London,Healthcare
Harley Street Clinic,Healthcare
Medserv,Healthcare
Madesil Pharmacie,Healthcare
Speck,Healthcare
Functional Therapy,Healthcare
GOCARDLESS,Healthcare
BUPA CENTRAL A/C,Healthcare
Richie Bezuidenhout,Healthcare
Unknown,Healthcare
TRX Training,Healthcare
L P Limited,Healthcare
Dr Maciej Kargol,Healthcare
OneWelbeck Endoscopy Centre,Healthcare
The London Clinic,Healthcare
Wigmore Pharamcy,Healthcare
Pharmacie du Cap d'Antibes,Healthcare
Rizzo Parafarmacia,Healthcare
HCA Healthcare,Healthcare
Bohdana Timcsuk,Healthcare
Shoppers Drug Mart,Healthcare
Cromwell London,Healthcare
Game Ready Rental Ltd,Healthcare
Thompson Orthopaedics,Healthcare
MEDBC,Healthcare
Cleveland Clinic London,Healthcare
The Devonshire Clinic,Healthcare
Eve Kalinik,Healthcare
Mayfair Health Ltd,Healthcare
Bare Biology,Healthcare
Online Express,Healthcare
London clinic,Healthcare
One Welbeck,Healthcare
Welbeck Pharmacy,Healthcare
THOMPSON ORTHOPAEDICS LIMITED,Healthcare
The Centre For Physical Medicine Limited,Healthcare
Athletic Greens (UK),Healthcare
London Medical Concierge Limited,Healthcare
SP ARTAH NUTRITION LONDON,Healthcare
Aviva,Healthcare
Vodafone,Telephone
BT,Telephone
BRITISH TELECOM,Telephone
BT GROUP PLC,Telephone
VODAFONE LTD,Telephone
BT Consumer Recurring,Telephone
Apple.Com,Telephone
Bespoke telecom,Telephone
Uncrate,Golf expenses
The Machrie Golf,Golf expenses
Jennie Dunn Pro Shop,Golf expenses
Queenwood Golf Club,Golf expenses
Dukes Meadow Golf,Golf expenses
HON CO OF EDINBURGH GO GULLANE,Golf expenses
Stillman,Golf expenses
Aston Lark,Lark Insurance
Howden UK Brokers Limited,Lark Insurance
Virgin Media,50 Ladbroke Grove
TV Licensing,50 Ladbroke Grove
Barker Electricial,50 Ladbroke Grove
Chelsea Construction,50 Ladbroke Grove
Angels Cleaners,50 Ladbroke Grove
EDF,50 Ladbroke Grove
Feeling Hot,50 Ladbroke Grove
Daleside Consulting Limited T/A Golden Ticket,50 Ladbroke Grove
Ladbroke Square,50 Ladbroke Grove
SDTA Productions Ltd,50 Ladbroke Grove
HO Collection a/c,50 Ladbroke Grove
EDF ENERGY,50 Ladbroke Grove
JMW Barnard,50 Ladbroke Grove
Facil Productions Ltd,50 Ladbroke Grove
NPH,50 Ladbroke Grove
Peter Mikic Studio,50 Ladbroke Grove
BEAUMONT NATHAN FINE ART LIMITED,50 Ladbroke Grove
BLUE MOUNTAIN SCHOOL,50 Ladbroke Grove
MARC KJAER-NIELSEN,"50 Ladbroke Grove, 3070 - 2SC Expenses"
Cadogan Tate,Antiques and Artwork
DHL,Antiques and Artwork
1STDIBS,Antiques and Artwork
Marlborough,Antiques and Artwork
Nonemore Limited,Antiques and Artwork
MISS FAYE H W WONG,Antiques and Artwork
Connolly,Antiques and Artwork
White Cube Ltd,Antiques and Artwork
Beaumont Nathan,Antiques and Artwork
Darbyshire Framing,Antiques and Artwork
Tate.org.UK,Antiques and Artwork
Graham Harrison,Antiques and Artwork
Croizer Fine Art,Antiques and Artwork
Beyond Print,Antiques and Artwork
Sotherbys,Antiques and Artwork
HMRC-IMPORT,Antiques and Artwork
David Kordansky Gallery,Antiques and Artwork
Incubator,Antiques and Artwork
Hamish Dewar,Antiques and Artwork
David Zwirner,Antiques and Artwork
Long & Ryle Limited,Antiques and Artwork
TFA London Ltd,Antiques and Artwork
The Collector's Workshop,Antiques and Artwork
Hamiltons Galleries Limited,Antiques and Artwork
Constantine Ltd,Antiques and Artwork
Helu-Trans (HK) Pte Limited,Antiques and Artwork
Michael Hoppen,Antiques and Artwork
Queens Limited,Antiques and Artwork
LP ART,Antiques and Artwork
PHILLIPS AUCTIONEERS LLC,"Antiques and Artwork, 7901 - Bank Charges"
Laura Bailey,Laura Bailey expenses
Bailey Laura,Laura Bailey expenses
Addison Lee,Laura Bailey expenses
BCD Travel,Laura Bailey expenses
Miss M Salazar,Laura Bailey expenses
A Class Corporate Travel UK Ltd,Working Title expenses
De Pinna,Working Title expenses
Working Title Films Ltd,Working Title expenses
Working Title Film,Working Title expenses
Rays of Sunshine,Donations - With Gift aid
Mountview Academy of London,Donations - With Gift aid
Just Giving,Donations - With Gift aid
Cam Collective,Donations - With Gift aid
The British School,Donations - With Gift aid
CHARITY PAYMENTS,Donations - With Gift aid
OTT (London) Ltd,Aubrey Lodge
LIBBY COCKELL LLP,Aubrey Lodge
Harry Holding Garden Maintenance Ltd,Aubrey Lodge
Weightmans,Aubrey Lodge
Derwent Vehicles,Personal Car
NBU Consulting,Personal Car
Porsche Retail Group Ltd,Personal Car
Mercedes-Benz,Personal Car
Weightmans LLP,MVS- Maida Vale Studio
Bevan Timothy,MVS- Maida Vale Studio
MVS Partnership,MVS- Maida Vale Studio
Pedro Reiss - Portugal House,Costa Terra-Portugal House
Costaterra,Costa Terra-Portugal House
Joseph Wright,Loan-Joseph Wright
Netflix,Income
Netflix Productions LLC,Income
Bloom Hergott,Income
Miramax Film LLC,Income
"GGSSC-Goodman, Genow Schenkman, Smelkinson + Christopher, LLP",Income
Pistol Whip Productions Inc,"Income, 6100 - Sales Commissions and 1 more"
Behr Abramson Levy LLP,"Income, 6100 - Sales Commissions and 1 more"
"BLOOM HERGOTT DIEMER ROSENTHAL, LAVIOLETTE FELDMAN 16000 VENTURA BLVD SUITE 900 ENCINO CA 91436","Income, 6100 - Sales Commissions and 1 more"
BEHR ABRAMSON LEVY JOHNSON LLP CLIENT TRUST ACCOUNT 9696 WILSHIRE BLVD 3RD FL BEVERLY HILLS CA 90212 US,"Income, 6100 - Sales Commissions and 1 more"
Mercedes-Benz Grand Prix Limited,"Sales Type A, 2202 - VAT"
UNIVERSAL CITY STUDIOS LLC,Universal (4001)
UNIVERSAL CITY STUDIOS LLC 100 UNIVERSAL CITY PLAZA UNIVERSAL CITY CA,Universal (4001)
NBC Universal,Universal (4001)
Warner Bros.,Recharges -Warner Brothers
CAMERON MACKINTOS,"Cameron Mackintosh royalties, 2202 - VAT Liability"
WORKING TITLE FILMS LIMITED T/AS WO RKING TITLE FILMS LIMITED PROSPECT HOUSE 80-110 NEW OXFORD ST REET WC1A 1HB LONDON/GB,Billy - Japan & Korea
Transatlantic Productions LLC,Transatlantic Productions LLC
Sony Pictures Entertainment,Sony Pictures
Columbia Pictures Industries Inc,Columbia Pictures Industries Inc
JW Tudors,JW Tudors IV Inc.
Focus Features Productions,Focus Features Productions LLC
Focus Features Productions LLC,Focus Features Productions LLC
Fintage Collection,Producer Fee income
ANF PRODUCTION PTY LTD LEVEL 32 580 GEORGE STREET SYDNEY NSW 2000 AU,Apples Never Fall - recharges
Payment: BBC,"Reserves - revaluations, 1100 - Debtors Control Account"
Payment: Narrow Mark Films Limited,"Reserves - revaluations, 1100 - Debtors Control Account"
Payment: Elementary Productions Limited,"Reserves - revaluations, 1100 - Debtors Control Account"
Payment: Netflix Media LLC,"Reserves - revaluations, 1100 - Debtors Control Account"
Payment: Crescent Productions Ltd,"Reserves - revaluations, 1100 - Debtors Control Account"
Payment: SP Productions Limited,"Reserves - revaluations, 1100 - Debtors Control Account"
Payment: Stretching Productions LLC,"Reserves - revaluations, 1100 - Debtors Control Account"
Payment: Green Hasson Janks,"Reserves - revaluations, 2100 - Creditors - trade"
"Payment: GGSSC-Goodman, Genow Schenkman, Smelkinson + Christopher, LLP","Reserves - revaluations, 2100 - Creditors - trade"
Payment: NSKF-Nigro Karlin Segal & Feldstein,"Reserves - revaluations, 2100 - Creditors - trade"
Payment: G&P Eventi,"Reserves - revaluations, 2100 - Creditors - trade"
Payment: Edge360,"Reserves - revaluations, 2100 - Creditors - trade"
Payment: European Film Academy,"Reserves - revaluations, 2100 - Creditors - trade"
Payment: Restraint of Beasts Ltd,"Reserves - revaluations, 2100 - Creditors - trade"
Payment: Exclusive Artists Management,"Reserves - revaluations, 2100 - Creditors - trade"
Payment: Dear Productions,"Reserves - revaluations, 2100 - Creditors - trade"
Payment: Mobel Transport,"Reserves - revaluations, 2100 - Creditors - trade"
Payment: NEW ZEALAND IMMIGRATION,"Reserves - revaluations, 2100 - Creditors - trade"
Payment: Automata Solutions,"Reserves - revaluations, 2100 - Creditors - trade"
Loyalty Reward,Interest Received
Gross Interest,Interest Received
Credit Interest,Interest Received
Interest Charged,Interest Received
Interest Received,Bank Interest Received
Bank Interest,Bank Interest Received
To Ma Service,Carriage
Botanique,"Carriage, 7409 - Gifts, 2202 - VAT control"
Choose Love,Gifts and Samples
Cambridge Satchel Company Limi,Gifts and Samples
J Price Bath Ltd,Gifts and Samples
Soho House,Gifts and Samples
Selfridges London,Gifts and Samples
Jason Shulman,Gifts and Samples
Heckfield Place,Gifts and Samples
Experience gift,Gifts and Samples
CityStore Self-Storage,Miscellaneous Expenses
LMNext UK Ltd,Miscellaneous Expenses
Aperture Printing,Miscellaneous Expenses
Clarkes London,Miscellaneous Expenses
CO-OP,Miscellaneous Expenses
Pimlico Shopper London,Miscellaneous Expenses
Dean Street,Miscellaneous Expenses
Aperture UK,"Miscellaneous Expenses, 2202 - VAT control"
Personal checks,"Staff Welfare, 2202 - VAT"
Reconciliation adjustment,Adjustments - Rounding
Enjoy Benefits Ltd,Workplace Nursery
Rent,Rent
WIMBLEDON,"Rent, 2202 - VAT"
Wimbledon Village,"Rent, 2202 - VAT"
Thames Water,"2SC Water Rates - 20% BU, 3056 - Utilities"
Southern Electric,"2SC General Rates - 20% BU, 3056 - Utilities"
Southern Gas,"2SC General Rates - 20% BU, 3056 - Utilities"
Ovo Energy,"2SC General Rates - 20% BU, 3056 - Utilities"
OVO ENERGY LTD,"2SC General Rates - 20% BU, 3056 - Utilities"
Westminster City Council,General Rates
LS GRILL & GEAR,Vehicle Fuel
towcester motoring,Vehicle Fuel
CHERWELL VALLE,Vehicle Fuel
WOODHATCH SERVICE STATI REIGATE,Vehicle Fuel
Shell,Vehicle Fuel
esso,Vehicle Fuel
LEITH HILL SERVICE,Vehicle Fuel
BRACKLEYS SERVICE STAT,Vehicle Fuel
BAYNARDS GREEN Bicester,Vehicle Fuel
BP,Vehicle Fuel
SHELL SERVICE,Vehicle Fuel
Sendean Cameras,Repairs and Servicing
Park Road Garage,Repairs and Servicing
TSmart UK,Repairs and Servicing
Tesla Motors Limited,Repairs and Servicing
Fixation,"Repairs and Servicing, 2202 - VAT control"
PhoneFix4U,"Repairs and Servicing, 2202 - VAT control"
SMC Detailing,Miscellaneous Motor Expenses
Rituals,"Miscellaneous Motor Expenses, 2202 - VAT control"
Tyre Patrol,"Miscellaneous Motor Expenses, 2202 - VAT control"
Enterprise Rent A Car,Travelling
Uber,Travelling
Westminster Parking,Travelling
Wandsworth Council,Travelling
Marstongroup.co.uk,Travelling
TFL London,Travelling
Source London Ltd,Travelling
Cromwell Road South Filling Station,Travelling
CMT UK Ltd,Travelling
Suspensions,Travelling
Q-Park,Travelling
PaybyPhone,Travelling
LB Hounslow,Travelling
Flyover Connect,Travelling
Streamline Taxi,Travelling
Parking Eagle,Travelling
Belgravia,Travelling
Steven Law Hornchurch,Travelling
Cabvision,Travelling
LBHF.GOV.UK,Travelling
Dart Charge,Travelling
Curb Mobility,Travelling
Ubitricity,Travelling
London Taxi,Travelling
Taxi,Travelling
Trainline.com,Travelling
TFL,Travelling
London Cab,Travelling
Horizon Parking,Travelling
Morrisons,Travelling
Black Cab,Travelling
LB Camden,Travelling
Comcab,Travelling
City of London Corporation,Travelling
Croydon Central,Travelling
Asda,Travelling
Asda Filling Station,Travelling
United Travels,Travelling
SF Connect,Travelling
Broadwater Service,Travelling
Museum Service Station,Travelling
Wisley South Filling Station,Travelling
Just Park,Travelling
MFG,Travelling
Q Park,Travelling
Foxberry Service Station,Travelling
Bradley,Travelling
Tesco,Travelling
Hackney.Gov.UK,Travelling
RoyalGreenwich.Gov,Travelling
Digitax UK Taxi,Travelling
NCP,Travelling
Sheepcot Services,Travelling
Cab:App,Travelling
BlackTaxi,Travelling
Herne Hill Service Station,Travelling
MRS LEA KEMERY,Travelling
Totalenergies,Travelling
LB Woolwich,Travelling
Saba Park Services,Travelling
Chargingservices,Travelling
EVCharge,Travelling
Trafficgurd.co.uk,Travelling
Airport Taxi,Travelling
Westfield London,Travelling
Treatlocal.co.uk,Travelling
Oxfordshire PCN,Travelling
St Pancras st,Travelling
Insureandgo,Travelling
Taxi World,Travelling
Mangopay UK,Travelling
Border Force,Travelling
Trainline,Travelling
Eurostar,Travelling
Heathrow Express,Travelling
Away Travel,Travelling
FreeNow,Travelling
Airbnb,Travelling
Flight Network,Travelling
Safety Park,Travelling
The Private Suite,Travelling
District Enforcement,Travelling
Sumup* England's Lane,Travelling
Sumup*Darren Rea,Travelling
Grace Mcinnes,Travelling
John Walsh,Travelling
Condor Cycles,Travelling
Addison Lee Ltd,Travelling
Swedavia Arn,Travelling
EasyJet,Travelling
Harringtons of Fulham,Travelling
TFL Travel Charge,Travelling
NYC Taxi,Travelling
Citycab,Travelling
Gett,Travelling
The Travel Company - BCD Travel,Travelling
East Midlands Railway,Travelling
Railcard.co.uk,Travelling
Booking.com,Travelling
Journey to the Centre,Travelling
PPL Riverside C. Park,Travelling
STRICKER HELMUT BADIA,Travelling
Apcoa Parking,Travelling
Stansted Airport,Travelling
Ringgo Parking,Travelling
Brighton Service Station,Travelling
Lords,Travelling
13 Cabs,Travelling
Cabs,Travelling
RIDE COST LONDON,Travelling
AVIANCA BOGOTA,Travelling
NYCT,Travelling
Guggenheim,Travelling
Business Car Service,Travelling
Diamond Taxi,Travelling
Lime Ride,Travelling
Cam Creek College Park,Travelling
Taxiworld,Travelling
Blacklane,Travelling
Driver 8,Travelling
Airwair International,Travelling
Uxbridge PCN,Travelling
Garrison Cars,Travelling
Radio Cab,Travelling
Express Car Parks,Travelling
G&P Eventi Srl,Travelling
Rosewood London,Travelling
Gett London,Travelling
BRIGHTON T* BRIGHTONTA,Travelling
SNB S201493 Manchester,Travelling
SUMUP*479 BRIGHTON,Travelling
ZETTLE *TAXI 818 BRIGHTON,Travelling
Tllon_htl_fb,Travelling
Cabbie,Travelling
Sverige Taxi,Travelling
Hostaria/Camere Ceccoti,Travelling
Gavin Taxi Bushey,Travelling
Govia Thameslik,Travelling
UBITRICITY.COM LONDON,Travelling
British Airways,Travelling
SONNY OSBORNE BRENTWOOD,Travelling
Royal Borough of Kensington and Chelsea,Travelling
BA INFLIGHT SALES IAG C,Travelling
LTD London,Travelling
LONDON EF,Travelling
Southbank Centre QEH Ro London,Travelling
BRIGHTON STATION BRIGHTON,Travelling
Train Station,Travelling
EXCELLENT TAXI Cambridge,Travelling
LONDON CURB MOBILITY,Travelling
STEPHEN MCLAUGHLI,Travelling
GOTSCHNA TAXI,Travelling
LINDT ZRH CHXR ZURICH AIRPORT,Travelling
LIME*RIDE,Travelling
TAXIDRIVER,Travelling
CURB MOBILITY LONDON,Travelling
Folkstone Central Railway,Travelling
ADEMOLA OGUNFIDODO,Travelling
Parking,Travelling
Laz Parking,Travelling
ETOLLAVIS,Travelling
JMEXECUTIV,Travelling
GOODWOOD ESTATE,Travelling
MAIDSTONE SERVICE,Travelling
Goodwood,Travelling
JUSTPARK,Travelling
BA INFLIGHT SALES,Travelling
Motion Array,Travelling
DEXTERS CABS,Travelling
AMR DORKING,Travelling
France manche,Travelling
CabCard Services,Travelling
a star taxi,Travelling
gatwick,Travelling
JMEXECUTIVE,Travelling
scotts travel management,Travelling
WWW.GATWICKAIRPORT.COM,Travelling
Nicola Dines,Travelling
London Lincensd Taxi,Travelling
TFL Road Charges,Travelling
Curb London,Travelling
WWW.RBKC.GOV.UK,Travelling
TFL CC Penalty,Travelling
THY,Travelling
Ascot Cars,Travelling
TFL Business BOPS,Travelling
St Martins Lane Car Park,Travelling
East Midlands Rail,Travelling
Elite Rent A Car,Travelling
NSL Parking,Travelling
The Travel Company Limited,Travelling
PAYBYPHONE PARKING,Travelling
Q-Park Ltd,Travelling
Taxiride,Travelling
Empark,Travelling
Q Park Queensway,Travelling
Real Car NY,Travelling
ASPIT ROMA NORD,Travelling
ANASA CHIUSI-CHIANC,Travelling
Black Taxi,Travelling
Taxi Cabvision,Travelling
Billing and Settlement Plan (BSP),Travelling
Q Park Chinatown,Travelling
RICHARDCOR* TAXIRICHAR (ESSEX),Travelling
CURB NYC TAXI (QUEENS),Travelling
TOWER HILL CAR PARK,Travelling
Ringo,Travelling
Sumup,Travelling
SumUp *Black42 (Newbury),Travelling
Friethchurces,Travelling
Newport Pagnell,Travelling
Lime Pass,Travelling
DragonFly Parking,Travelling
THE ORACLE CAR PARK,Travelling
BP MFG BEAVER,Travelling
FRANCIS HOWLEY PGA HEA,Travelling
BP MOTO,Travelling
Shell Westbourne,Travelling
ST ANNA,Travelling
WESTMINSTER CITY COUNC,Travelling
CANON DRIVE VALET,Travelling
LONDON PALLADIUM,Travelling
ELITE PARKING VALE,Travelling
EDEN CENTRE,Travelling
CENTRAL PARKIN,Travelling
London Borough of Camden,Travelling
Avis,Car Hire
Avis Rent A Car,Car Hire
AVIS CENTRAL,Car Hire
One Fine Stay,Hotels
Grand Hotel Stockholm,Hotels
Hotel Cipriani,Hotels
The Mercer Hotel New York,Hotels
Sofitel Winter Palace,Hotels
St Regis,Hotels
The Langham,Hotels
Chateau Marmont Hotel,Hotels
The Bowery Hotel,Hotels
Cadogan Hotel,Hotels
Kettners Town,Hotels
XV Beacon,Hotels
MOXY THE HAGU,Hotels
DUO MILAN,Hotels
TRAVELODGE HOTELS LTD,Hotels
HOTELSCOM,Hotels
MANDARIN ORIENTAL SGP,Hotels
JW MARRIOTT HOTEL,Hotels
Conrad Centennial Singapore,Hotels
MARRIOTT HOTEL,Hotels
HGI SILVERSTONE,Hotels
WESTIN AUSTIN DOWNTOWN,Hotels
Bellagio,Hotels
The St. Regis Saadiyat Island Resort,Hotels
Park Hyatt Dubai,Hotels
Travelodge Hotels,Hotels
Travelodge,Hotels
THE ADELPHI HOTEL,Hotels
Moxy Hotels,Hotels
The Ritz-Carlton,Hotels
Loews Hotels,Hotels
THE DEWBERRY CHARLESTO  CHARLESTON,Hotels
CASA SAGNIER,Hotels
NH COLLECTION BARCELONA,Hotels
THE LINCE SANTA CLARA T VILA DO CONDE,Hotels
Mount Nelson A Belmond Hotel Cape Town,Hotels
Hotel Ibis,Hotels
Hotel Bel-Air,Hotels
San Vicente,"Hotels, 6045 - WONKA-Expenses"
The Vineyard,Entertainment
Personal,Entertainment
Absolute Taste,Entertainment
EMPLOYEES ONLY,Entertainment
STAR (BAGAWAN),Entertainment
QUAICH SINGAPORE,Entertainment
Morton's Of Chicago,Entertainment
OSTERIA ROMANA,Entertainment
THE GRENADIER,Entertainment
THE REAL PIZZA COM RIDGE FARM,Entertainment
THESURREYOAKS THESURREY PARKGATE,Entertainment
COWORTH PARK            LONDON,Entertainment
Belvedere Arms,Entertainment
THESURREYOAKS,Entertainment
Suzette Limited,U.K. Entertainment
PRET A MANGER EUROPE LTD,U.K. Entertainment
Little Bread Pedler,U.K. Entertainment
Hedonism.co.uk,U.K. Entertainment
Natoora,U.K. Entertainment
Golborne Deli,U.K. Entertainment
Locanda Locatelli,U.K. Entertainment
Extreme Chocolate,U.K. Entertainment
Sabor,U.K. Entertainment
La Fromagerie,U.K. Entertainment
IL Molino,U.K. Entertainment
Ottolenghi,U.K. Entertainment
LBP Pimlico,U.K. Entertainment
Dorset Dairy Market,U.K. Entertainment
PRET A MANGER,U.K. Entertainment
Hackfield Catering,U.K. Entertainment
The Roasting Party,U.K. Entertainment
Boulangerie Jade,U.K. Entertainment
Five Guys,U.K. Entertainment
Chsiou Restaurant,U.K. Entertainment
Bayley & Sage,U.K. Entertainment
Deliveroo,U.K. Entertainment
Roka,U.K. Entertainment
FCB,U.K. Entertainment
Ocado,U.K. Entertainment
Starbucks,U.K. Entertainment
Redemption Roasters,U.K. Entertainment
The River Cafe,U.K. Entertainment
Bond Street Coffee,U.K. Entertainment
Partridges of Sloane Square,U.K. Entertainment
Gail's,U.K. Entertainment
Rising Star Coffee,U.K. Entertainment
Beet Jar Juicebar,U.K. Entertainment
Juicebaby Ltd,U.K. Entertainment
Dinings,U.K. Entertainment
Barrrafina,U.K. Entertainment
Zafferano Restaurant,U.K. Entertainment
Supper London,U.K. Entertainment
Oliveto London,U.K. Entertainment
Bar Italia,U.K. Entertainment
Koya London,U.K. Entertainment
Coffee Tzar,U.K. Entertainment
Cafe Murano,U.K. Entertainment
The Coffee,U.K. Entertainment
Defune Restaurant,U.K. Entertainment
Victoria SST,U.K. Entertainment
Paul,U.K. Entertainment
Pimlico Shopper,U.K. Entertainment
HMS Host,U.K. Entertainment
Casa Brindisa,U.K. Entertainment
Monmouth Coffee,U.K. Entertainment
Aramark,U.K. Entertainment
Best One,U.K. Entertainment
Coffee,U.K. Entertainment
Baxterstorey Limited,U.K. Entertainment
The Feel Good Baker,U.K. Entertainment
Iicocha London,U.K. Entertainment
Lynette Naidoo,U.K. Entertainment
Caffe Nero,U.K. Entertainment
The Oyster and Fish House,U.K. Entertainment
Crush London,U.K. Entertainment
The Cobb Arms,U.K. Entertainment
The San Francisco Bath,U.K. Entertainment
The Club at the Ivy,U.K. Entertainment
L&L Beans Ltd,U.K. Entertainment
Algerian Coffee,U.K. Entertainment
Pizza Pilgrims,U.K. Entertainment
Ikeda Restaurant,U.K. Entertainment
Cafe Oto,U.K. Entertainment
Waitrose,U.K. Entertainment
The Sea,U.K. Entertainment
Bread Ahead,U.K. Entertainment
Hagen Espresso Bar,U.K. Entertainment
Joe Welch,U.K. Entertainment
Borough Kitchen,U.K. Entertainment
Bocca Di Lupo,U.K. Entertainment
The Wolseley Restaurant,U.K. Entertainment
1213 New Oxford Street,U.K. Entertainment
KOL MJMK,U.K. Entertainment
The Colony Grill,U.K. Entertainment
Delfont Mackintosh Theatres,U.K. Entertainment
Wok and Fire,U.K. Entertainment
Leicester Square,U.K. Entertainment
Japan Centre,U.K. Entertainment
Slice London,U.K. Entertainment
Krispy Kreme,U.K. Entertainment
Hoppers London,U.K. Entertainment
Hummingbird Baker,U.K. Entertainment
Secret Sandwich Shop,U.K. Entertainment
Superdrug,U.K. Entertainment
Denbigh Food & Wine London,U.K. Entertainment
St. John Restaurant,U.K. Entertainment
Sainsbury's,U.K. Entertainment
Finns of Chelsea,U.K. Entertainment
Pierre Herme,U.K. Entertainment
WH Smith,U.K. Entertainment
Restaurant Totalp,U.K. Entertainment
Watchhouse,U.K. Entertainment
Arbequina Oxford,U.K. Entertainment
Somsaa Restaurant,U.K. Entertainment
Lahore Kebab House,U.K. Entertainment
American Candy Shop,U.K. Entertainment
Sacred Cafe,U.K. Entertainment
Master Bao,U.K. Entertainment
PARADISE LONDON,U.K. Entertainment
The Dorset Dairy,U.K. Entertainment
Electric House,U.K. Entertainment
Scott's,U.K. Entertainment
Pizzeria Da Mario,U.K. Entertainment
Brunch Corner,U.K. Entertainment
Fernando Monzo Ramón,U.K. Entertainment
The Arsenal Football Club,U.K. Entertainment
Chess & Bridge Limited,U.K. Entertainment
JB Lainchbury,U.K. Entertainment
Lartisan Du Chocolat,U.K. Entertainment
Al Hayat Pimlico,U.K. Entertainment
Flowerbx,U.K. Entertainment
Brasserie Zedel London,U.K. Entertainment
Brawn,U.K. Entertainment
Fresh Fitness Food,U.K. Entertainment
Apla Souvlaki,U.K. Entertainment
Atecha Brighton,U.K. Entertainment
Streamline Brighton,U.K. Entertainment
The Clove Club,U.K. Entertainment
Oscar Bar and Restaurant,U.K. Entertainment
ITSU,U.K. Entertainment
St. Pancras Renaissance Hotel London,U.K. Entertainment
Pressed Juicery,U.K. Entertainment
Walgreens,U.K. Entertainment
Shutters on the Beach,U.K. Entertainment
Wild Country Organics,U.K. Entertainment
The Almeida Bar,U.K. Entertainment
Selfridges,U.K. Entertainment
Jeroboams,U.K. Entertainment
Laithwaites,U.K. Entertainment
Greek Street,U.K. Entertainment
The Creel,U.K. Entertainment
Portland,U.K. Entertainment
Fallow,U.K. Entertainment
SK Sweets,U.K. Entertainment
Lavershot Barns Farm,U.K. Entertainment
Roadchef Motorways,U.K. Entertainment
Saltpig Curing Company,U.K. Entertainment
Spring Food Limited,U.K. Entertainment
Xian Impression,U.K. Entertainment
Hungry Cunning,U.K. Entertainment
Quo Vadis,U.K. Entertainment
Pumpkin Tonbridge,U.K. Entertainment
3c Payment,U.K. Entertainment
Dark Habit Ltd,U.K. Entertainment
London Screen Academy,U.K. Entertainment
East One Coffee,U.K. Entertainment
The Beaumont Hotel,U.K. Entertainment
Murano Restaurant,U.K. Entertainment
Sachi Park Street,U.K. Entertainment
EGP,U.K. Entertainment
Kol Restaurants,U.K. Entertainment
Eat Tokyo,U.K. Entertainment
Kona Coffee Roasters,U.K. Entertainment
Gold,U.K. Entertainment
The Standard London,U.K. Entertainment
Lina Stores,U.K. Entertainment
Kazu London,U.K. Entertainment
Good Life Eatery,U.K. Entertainment
The Garratt & Gauge,U.K. Entertainment
LE CHATEAUBRIAND,U.K. Entertainment
Kanada-Ya,U.K. Entertainment
The Ledbury,U.K. Entertainment
Christian Weger & Co,U.K. Entertainment
BAITA LA MARMOTTA,U.K. Entertainment
Taste of Tuscany,U.K. Entertainment
St John Marylebone,U.K. Entertainment
Waldorf Astoria,U.K. Entertainment
Remedy Place,U.K. Entertainment
J Sheekey,U.K. Entertainment
Chisou,U.K. Entertainment
The Arts Club,U.K. Entertainment
Embankment,U.K. Entertainment
Sneaker Science,U.K. Entertainment
Ayash Ltd,U.K. Entertainment
Zuma,U.K. Entertainment
Dolphin News,U.K. Entertainment
LS London Regent Street,U.K. Entertainment
ETSU,U.K. Entertainment
Kiyomi,U.K. Entertainment
Pastis,U.K. Entertainment
Queen's Arms,U.K. Entertainment
The Ship and Shovell,U.K. Entertainment
Crosby Street Hotel,U.K. Entertainment
Clarette,U.K. Entertainment
212 Catering,U.K. Entertainment
Bar 21 Ltd,U.K. Entertainment
Dishoom,U.K. Entertainment
Quality Bistro,U.K. Entertainment
Rodney Scotts BBQ,U.K. Entertainment
Ham Yard and Restaurant,U.K. Entertainment
The Berkeley,U.K. Entertainment
Santa Maria Novella,U.K. Entertainment
Sophie Crystal,U.K. Entertainment
L Terroni,U.K. Entertainment
Jailson Das Candeias,U.K. Entertainment
Omakase Shibuyaku,U.K. Entertainment
Ginza Sato Yosuke,U.K. Entertainment
Over the Counter,U.K. Entertainment
Tresco,U.K. Entertainment
Cinquecento,U.K. Entertainment
Rakutenpay Barnakagawa,U.K. Entertainment
Rakutenpay Asakurachoso,U.K. Entertainment
Arcade Food Hall,U.K. Entertainment
Double Seven,U.K. Entertainment
The Ninth,U.K. Entertainment
ARTIST RESIDENCE,U.K. Entertainment
Trinity,U.K. Entertainment
Joe & The Juice,U.K. Entertainment
Dorian Restaurant,U.K. Entertainment
Honi Poke,U.K. Entertainment
Browns Hotel,U.K. Entertainment
Porters Dulwich London,U.K. Entertainment
Fresh & Wild,U.K. Entertainment
Strakers,U.K. Entertainment
Pitch Soho,U.K. Entertainment
Pantechnicon London,U.K. Entertainment
Truffle Bateman,U.K. Entertainment
Scarlett Green,U.K. Entertainment
Tintico,U.K. Entertainment
Rifat,U.K. Entertainment
Mortimer Opco,U.K. Entertainment
The Crusting Pipe,U.K. Entertainment
Bloomsbury Squar,U.K. Entertainment
Emirate London,U.K. Entertainment
Waterstone's,U.K. Entertainment
Crusting Pipe,U.K. Entertainment
Wild & Green Kitchen,U.K. Entertainment
B Bagel London,U.K. Entertainment
Ivy Brasserie Soho,U.K. Entertainment
Townhouse 22,U.K. Entertainment
Hache Burger Connoisseu,U.K. Entertainment
Arsenal Direct,U.K. Entertainment
Da Marusco E Maria Pienza,U.K. Entertainment
Teron Coffee Air Tokyo,U.K. Entertainment
ATMOS Ginza,U.K. Entertainment
Seirinkan mu hei qu,U.K. Entertainment
310 Portobello London,U.K. Entertainment
RWRD LTD LONDON,U.K. Entertainment
The Delaunay Restaurant,U.K. Entertainment
Cinema,U.K. Entertainment
National Theatre,U.K. Entertainment
SHOREDITCH HO,U.K. Entertainment
Chez Restaurant,U.K. Entertainment
Le Deli Rebuchon Chelse,U.K. Entertainment
The Bountiful Cow,U.K. Entertainment
Maroush Beauchamp Place,U.K. Entertainment
Delaware North,U.K. Entertainment
Bao london,U.K. Entertainment
THE ROASTING PARTY LIMI London,U.K. Entertainment
BFI Southbank,U.K. Entertainment
Grancer & Co,U.K. Entertainment
Pizza Express,U.K. Entertainment
ZUMA London 16256776002 London,U.K. Entertainment
Shepperton Connect,U.K. Entertainment
WILL TO WIN LONDON,U.K. Entertainment
JUMA JUBILEE LI LONDON,U.K. Entertainment
Koya Soho,U.K. Entertainment
The Gordon Enterprises,U.K. Entertainment
Hare and Hounds,U.K. Entertainment
Roasting Plant Coffee,U.K. Entertainment
Itadakizen,U.K. Entertainment
Notes Coffee Kings,U.K. Entertainment
Kreation Organic Juicer,U.K. Entertainment
Rosie Restaurant,U.K. Entertainment
Doughnut time,U.K. Entertainment
Pure London,U.K. Entertainment
Red Pitch Tickets,U.K. Entertainment
Sabor London,U.K. Entertainment
The IVY Market,U.K. Entertainment
Jeremy King Restaurant,U.K. Entertainment
Pentolina,U.K. Entertainment
The SeaThe Sea,U.K. Entertainment
London Cheesemongers,U.K. Entertainment
ICA Bar,U.K. Entertainment
Tom Tom Ltd,U.K. Entertainment
The Y,U.K. Entertainment
Panzers,U.K. Entertainment
Blakes of Belgravia London,U.K. Entertainment
Cafe Boheme,U.K. Entertainment
Soderberg,U.K. Entertainment
Food4Love,U.K. Entertainment
PORTA AL CASSERO MONTALCINO,U.K. Entertainment
Bar Termini,U.K. Entertainment
Le Clarence Paris,U.K. Entertainment
Sakurado London,U.K. Entertainment
Honey And Co,U.K. Entertainment
GJusta Venice,U.K. Entertainment
Bibis Golden,U.K. Entertainment
LS The Pelican Pub,U.K. Entertainment
Press Coffee,U.K. Entertainment
Cabie,U.K. Entertainment
Gail's Southed Green,U.K. Entertainment
Noble Rot,U.K. Entertainment
Ilsolabella Restaurant,U.K. Entertainment
INKO NITO 55 BROADWICK,U.K. Entertainment
Broadwick Street,U.K. Entertainment
DAROCO SOHO LONDON,U.K. Entertainment
Tozi Restaurant,U.K. Entertainment
GRUB LIMITED LONDON,U.K. Entertainment
LOCANDA LOCATELLI LONDON,U.K. Entertainment
RESTAURANT TIM RAUE BERLIN,U.K. Entertainment
RESTAURANT NOBELHART UN BERLIN,U.K. Entertainment
LISBOETA LONDON,U.K. Entertainment
PANZERS DELICATESSEN,U.K. Entertainment
Thomas Friedman,U.K. Entertainment
THE LANGLEY IVER,U.K. Entertainment
Corrochio's Dalston,U.K. Entertainment
ANDRE ROSTANT LONDON,U.K. Entertainment
HANEDA AIRPORT TERMINAL,U.K. Entertainment
THE NINTH LONDON,U.K. Entertainment
JOLENE NEWINGTON GREEN,U.K. Entertainment
The Seven Stars,U.K. Entertainment
The Seven Stars London,U.K. Entertainment
THE BAGUETTE FU LONDON,U.K. Entertainment
8EA36 ULTRA BO,U.K. Entertainment
CHELSEA CREPERIE LONDON,U.K. Entertainment
GARRICK THEATRE,U.K. Entertainment
LONDON THE CLUB AT THE IVY,U.K. Entertainment
LONDON SHRINE TO THE VINE,U.K. Entertainment
SHOWCASE CINEMAS,U.K. Entertainment
Gotschna Klosters,U.K. Entertainment
The Alberts Deli Richmond,U.K. Entertainment
SP RACHEL VOSPER LONDON,U.K. Entertainment
195 Piccadilly London,U.K. Entertainment
Refuel Bar and Restaurat,U.K. Entertainment
OYESO,U.K. Entertainment
Lina Stores Kings Cross,U.K. Entertainment
COLBERT RESTAURANT,U.K. Entertainment
SUSHISUMI,U.K. Entertainment
DUDLEY'S,U.K. Entertainment
NOW LONDON,U.K. Entertainment
WAITROSE LONDON,U.K. Entertainment
Supermarket of Dreams,U.K. Entertainment
Zizzi Central St Giles LONDON,U.K. Entertainment
The Rajdoot London,U.K. Entertainment
FABRIQUE FITZROVIA,U.K. Entertainment
RICHIE_S,U.K. Entertainment
Leon,U.K. Entertainment
CAFEXPRESS SHOP,U.K. Entertainment
HOPE AND MAIN DOWNT,U.K. Entertainment
BOS HUDSON,U.K. Entertainment
Welcome Break,U.K. Entertainment
Sally Clarke,U.K. Entertainment
Harry's Bar London,U.K. Entertainment
SP RIVER CAFE SHOP,U.K. Entertainment
CFC Tickets,U.K. Entertainment
Waterhouse Of Kensington,U.K. Entertainment
Mortimers Cafe,U.K. Entertainment
Chiltern Street Hotel,U.K. Entertainment
Taco Bell,U.K. Entertainment
Philip Milstein,U.K. Entertainment
Clarkes Restaurant,U.K. Entertainment
Bleecker St. Burger,U.K. Entertainment
The Gelateria,U.K. Entertainment
Koyas Bar,U.K. Entertainment
Upper Crust,U.K. Entertainment
Nandos,U.K. Entertainment
Gelato London,U.K. Entertainment
Brasseria London,U.K. Entertainment
Granger & Co,U.K. Entertainment
John Restaurant,U.K. Entertainment
The Wolseley London,U.K. Entertainment
Southbank Centre,U.K. Entertainment
The Savoy Hotel,U.K. Entertainment
La Fromagerie Ltd,U.K. Entertainment
Lurra London,U.K. Entertainment
Gails,U.K. Entertainment
34 Mayfair London,U.K. Entertainment
Royal China Club Restaurant,U.K. Entertainment
Flesh and Buns London,U.K. Entertainment
Corbin & King Restaurant Group Ltd,U.K. Entertainment
Spotify UK London,U.K. Entertainment
M&S,U.K. Entertainment
25 Albemarle Limited,U.K. Entertainment
Wolseley Restaurant,U.K. Entertainment
Nobu Restaurant,U.K. Entertainment
Ole and Steen,U.K. Entertainment
Moro London,U.K. Entertainment
MIMI MEI FAIR,U.K. Entertainment
Notting Hill Fish,U.K. Entertainment
C London,U.K. Entertainment
The Grand Portobello,U.K. Entertainment
Wiltons,U.K. Entertainment
Mandarin Oriental,U.K. Entertainment
Mubi London,U.K. Entertainment
Din Tai Fung,U.K. Entertainment
Spring London,U.K. Entertainment
Casa Cruz,U.K. Entertainment
Akira Restaurant,U.K. Entertainment
Harrys Bar Ltd,U.K. Entertainment
Bell Hotel,U.K. Entertainment
Chisou London,U.K. Entertainment
Byron Burger,U.K. Entertainment
National Galleries of Edinburgh,U.K. Entertainment
Six Portland Road,U.K. Entertainment
Chez Mumtaj,U.K. Entertainment
Panzer Delicatessen,U.K. Entertainment
Claridge's,U.K. Entertainment
Ham Yard,U.K. Entertainment
Langans Brasserie,U.K. Entertainment
Black Bear Burger,U.K. Entertainment
Mells Inn Ltd,U.K. Entertainment
Estorick Collection,U.K. Entertainment
A Wong Limited,U.K. Entertainment
Wasabi London,U.K. Entertainment
Theatre Royal Bath,U.K. Entertainment
Ubakendol,U.K. Entertainment
Peponi Hotel,U.K. Entertainment
Miznon restaurant,U.K. Entertainment
L'enclume,U.K. Entertainment
Mount Street Restaurant,U.K. Entertainment
The Beverly Hills Hotel,U.K. Entertainment
Naama London,U.K. Entertainment
Honest Burger,U.K. Entertainment
Abroad Expenses,U.K. Entertainment
Sushi Park Corporation,U.K. Entertainment
Shinnecock Hills Golf,U.K. Entertainment
Maison Estelle,U.K. Entertainment
EL&N Heathrow,U.K. Entertainment
Akub Restaurant,U.K. Entertainment
Edinburgh University,U.K. Entertainment
The Balmoral Hotel,U.K. Entertainment
The Scran and Scallie,U.K. Entertainment
Orlebar Brown London,U.K. Entertainment
The Trave London,U.K. Entertainment
Love & brudenell,U.K. Entertainment
Poke House,U.K. Entertainment
THE GATE LONDON,U.K. Entertainment
Suzi Tros London,U.K. Entertainment
Huo London,U.K. Entertainment
Caviar Kaspia London,U.K. Entertainment
TASTES ON THE FLY,U.K. Entertainment
Creme,U.K. Entertainment
Maison Puget,U.K. Entertainment
Ottolenghi Islington,U.K. Entertainment
Jusu Brothers,U.K. Entertainment
SQ Ica Bar,U.K. Entertainment
Daylesford Organic,U.K. Entertainment
310 Portobello Rd,U.K. Entertainment
Ticketmaster,U.K. Entertainment
Duke of York's Theatre,U.K. Entertainment
Picto - Grands Boulevards,U.K. Entertainment
L'Affable,U.K. Entertainment
First Class Cafe,U.K. Entertainment
The Palomar London,U.K. Entertainment
NYA*Tesco,U.K. Entertainment
GAIL's Bakery Askew Road,U.K. Entertainment
Gail's Bakery,U.K. Entertainment
Picturehouse Central,U.K. Entertainment
Supper.London,U.K. Entertainment
Saltine Londn,U.K. Entertainment
Winter Restaurant,U.K. Entertainment
Ginger Pig Buckinghamshi,U.K. Entertainment
Aragawa London,U.K. Entertainment
GAIL's Bakery Chiswick,U.K. Entertainment
Birley Bakery,U.K. Entertainment
Shake Shack,U.K. Entertainment
Uber Eats,U.K. Entertainment
Croissant Consorti,U.K. Entertainment
Sarabeth's,U.K. Entertainment
Whoop Boston,U.K. Entertainment
Labour and Wait,U.K. Entertainment
5 Hertford Street Club,U.K. Entertainment
Costa,U.K. Entertainment
Roji,U.K. Entertainment
Bayley Marylebone,U.K. Entertainment
Richmond HC Chiswick,U.K. Entertainment
STECCA (LONDON,U.K. Entertainment
CUT BAR AND RESTAURANT (LONDON),U.K. Entertainment
Natoora Ltd (London),U.K. Entertainment
CLARKES RESTAURANT (LONDON),U.K. Entertainment
Pecan Square Cafe,U.K. Entertainment
Courthouse Hotel Soho (London),U.K. Entertainment
Royal Albert Hall (London),U.K. Entertainment
DUMBARNIE - RESTAURAN (LEVEN),U.K. Entertainment
Hachi Bakery (London),U.K. Entertainment
Acai Ver?u (London),U.K. Entertainment
KINGSBARNS GOLF LINKS,U.K. Entertainment
Soho House Electric F,U.K. Entertainment
The Thief (Oslo),U.K. Entertainment
BRASSERIA NOTTING,U.K. Entertainment
CO-OPERATIVE,U.K. Entertainment
How Matcha,U.K. Entertainment
England Hockey,U.K. Entertainment
BACON (ANTIBES),U.K. Entertainment
Sc Le Caruso,U.K. Entertainment
Ten Hill Place,U.K. Entertainment
Andrew Mullen,U.K. Entertainment
Coffee Shop,U.K. Entertainment
Feggaros,U.K. Entertainment
DAPHNE',U.K. Entertainment
Venetis AE,U.K. Entertainment
AZN LAX Cafe,U.K. Entertainment
Lax Relay,U.K. Entertainment
LIGHTHOUSECLUB,U.K. Entertainment
KENSINGTON RG LTD,U.K. Entertainment
MAXICOFFEE SUD,U.K. Entertainment
L'OCRIER,U.K. Entertainment
NIMAX THEATRES LIMITED (LONDON),U.K. Entertainment
Fortnum Mason (London),U.K. Entertainment
RedFarm (London),U.K. Entertainment
La fromagerie maryleb (London),U.K. Entertainment
SLIEVE DONARD RESORT A,U.K. Entertainment
UCD SCRUBS CAFE,U.K. Entertainment
DAVIS CREAMERY,U.K. Entertainment
NOTTING HILL FISH AND,U.K. Entertainment
ROYAL COURT BAR & KITC,U.K. Entertainment
BLAIRS SILVERLAKE,U.K. Entertainment
Honest Limited,U.K. Entertainment
STARBUCK,U.K. Entertainment
HAVSALT,U.K. Entertainment
FOUR SEASON THE BLVD,U.K. Entertainment
MATSUHISA CORPORATION,U.K. Entertainment
The Lighthouse Club,U.K. Entertainment
STARBUCKS STORE,U.K. Entertainment
PIZZA,U.K. Entertainment
91 ON BREE (CAPE TOWN),U.K. Entertainment
REDEMPTION BURGERS (Cape Town),U.K. Entertainment
ZEITZ MOCAA (CAPE TOWN),U.K. Entertainment
Yoco *Sweet Dreams (Cape Town),U.K. Entertainment
RIP CURL CAPETOWN (CAPE TOWN),U.K. Entertainment
Superga Canalwalk (Cape Town),U.K. Entertainment
Busters (London),U.K. Entertainment
J SHEEKEY - COVENT GAR (LONDON),U.K. Entertainment
Maison Francois,U.K. Entertainment
LIDGATE BUTCHERS (London),U.K. Entertainment
Lord Pesto (Cambridge),U.K. Entertainment
Mayha,U.K. Entertainment
THE ROYAL PARKS,U.K. Entertainment
Cartier Et Cie,Overseas Entertainment
Erewhon Venice,Overseas Entertainment
TSujita LA,Overseas Entertainment
La Biennale Di Venezia,Overseas Entertainment
La Colombe,Overseas Entertainment
The Four Horsemen,Overseas Entertainment
Sunset Tower Hotel,Overseas Entertainment
WB Commissary,Overseas Entertainment
Priscilla,Overseas Entertainment
Pace,Overseas Entertainment
Cecconi's Nomad New York,Overseas Entertainment
The Modern NYC,Overseas Entertainment
Cookshop NYC,Overseas Entertainment
Omen Restaurant,Overseas Entertainment
Horses,Overseas Entertainment
Sushi Park,Overseas Entertainment
Gorza Arabba,Overseas Entertainment
Rifugio Bec de Roces,Overseas Entertainment
Rifugio Piz Sorega,Overseas Entertainment
Rifugio Santa Croce - La Crusc,Overseas Entertainment
Delilah,Overseas Entertainment
Talesai,Overseas Entertainment
Noortwyck,Overseas Entertainment
Avon Grill,Overseas Entertainment
Found Oyster,Overseas Entertainment
CA DEL SOLE TOLUCA LAKE,Overseas Entertainment
Madrisa-Alp,Overseas Entertainment
Brisbane Grill,Overseas Entertainment
CosMe,Overseas Entertainment
Blank Street,Overseas Entertainment
Sant Ambroeus,Overseas Entertainment
T&S Halal Food,Overseas Entertainment
Via Carota,Overseas Entertainment
Los Tacos,Overseas Entertainment
Kazunori,Overseas Entertainment
The Commerce Inn,Overseas Entertainment
Cafe Altro,Overseas Entertainment
Le Bernardin,Overseas Entertainment
Balthazar Restaurant,Overseas Entertainment
Frothy Monkey,Overseas Entertainment
Helen,Overseas Entertainment
Clean Juice,Overseas Entertainment
Vinitus,Overseas Entertainment
The Detox Market,Overseas Entertainment
E Baldi Ristorante,Overseas Entertainment
Mozza2Go,Overseas Entertainment
Jon and Vinnys,Overseas Entertainment
Musei Civici,Overseas Entertainment
Tokyo Tokyo,Overseas Entertainment
Japanese Cuisine Daigo,Overseas Entertainment
PEJITETOKYO,Overseas Entertainment
Onibus Coffee air Tokyo,Overseas Entertainment
Chopcoffee Air Tokyo,Overseas Entertainment
EREWHON LOS ANGELES,Overseas Entertainment
Presents Screen San Francisco,Overseas Entertainment
Aharon Coffee & Roastin,Overseas Entertainment
Kreation Organic Kafe,Overseas Entertainment
Erewhon Beverly Hills,Overseas Entertainment
American Airlines,Overseas Entertainment
La Feltrinelli Librerie,Overseas Entertainment
CoCo Di Mama,Overseas Entertainment
BARRIQUE 0203 VENICE,Overseas Entertainment
Cheriff Restaurant,Overseas Entertainment
Ea Aen BCN,Overseas Entertainment
LA CHASSAGNETTE ARLES,Overseas Entertainment
KULTURVERANSTALTUNGEN D BERLIN,Overseas Entertainment
SEIYO RYORI SHIMA,Overseas Entertainment
TOKYO MIDTOWN -MINATO-K,Overseas Entertainment
PARTY mu hei qu,Overseas Entertainment
SUSHI ISHIBASHIMASAKAZU TOKYO,Overseas Entertainment
sushinakamura gang qu,Overseas Entertainment
SOBATAJIMA TOKYO,Overseas Entertainment
YAKUMO SARYOU TOKYO,Overseas Entertainment
AMAN TOKYO -CHIYODA-KU *,Overseas Entertainment
OVER THE COUNTER TOKYO,Overseas Entertainment
EVISU STORE OMOTESANDO TOKYO,Overseas Entertainment
BAPE STORE HARAJUKU TOKYO,Overseas Entertainment
CRONY TOKYO,Overseas Entertainment
ART SURF SKATE TOKYO,Overseas Entertainment
FILMCAMERATOKYO TOKYO,Overseas Entertainment
MUROMATI KAJI KYOTO,Overseas Entertainment
DOWN THE STAIRS TOKYO,Overseas Entertainment
DAIWA GROUP TOKYO,Overseas Entertainment
ASKA KOTSU 5 TOKYO,Overseas Entertainment
KOKUSAI MOTORCARS TOKYO,Overseas Entertainment
STUSSY SHIBUYA CHAPTER TOKYO,Overseas Entertainment
TAKASHIMAYA TOKYOTO CHUOKU,Overseas Entertainment
DON QUIJOTE SHIJOKAWARA,Overseas Entertainment
ENYUANKOBAYASHI KYOTO,Overseas Entertainment
KAWAMICHIYAYORO KYOTOq,Overseas Entertainment
GURANDOKIOSKKYOUTO KYOTO,Overseas Entertainment
Peak Wellness,Overseas Entertainment
Matchaful,Overseas Entertainment
Dominique Ansel Group,Overseas Entertainment
The Retreat,Overseas Entertainment
Inmotion,Overseas Entertainment
EXXON Mobile,Overseas Entertainment
Union 76,Overseas Entertainment
BLVD,Overseas Entertainment
ITS BOBA TIME,Overseas Entertainment
Solestage,Overseas Entertainment
Zenoti,Overseas Entertainment
Sprouts Farmers Market,Overseas Entertainment
Neiman Marcus,Overseas Entertainment
Saks Fifth Avenue,Overseas Entertainment
Chevron,Overseas Entertainment
Sushi Yasuda,Overseas Entertainment
Lax Airport,Overseas Entertainment
Mount Sinai,Overseas Entertainment
Maman,Overseas Entertainment
Estela,Overseas Entertainment
ICP Museum,Overseas Entertainment
VANWONDERENSTROOP,Overseas Entertainment
TRUCK YARD DALLAS,Overseas Entertainment
FOXYS,Overseas Entertainment
RAZERSTORE VEGAS,Overseas Entertainment
SMITTYS MARKET,Overseas Entertainment
BLIND PIG PUB,Overseas Entertainment
WHITE HORSE,Overseas Entertainment
TOPGOLF,Overseas Entertainment
CAESARS SPANISH STEP BAR,Overseas Entertainment
PF CHANGS,Overseas Entertainment
FC DI FARA'S PIZZA,Overseas Entertainment
STARTING GATE,Overseas Entertainment
RESTAURANT,Overseas Entertainment
Abu Dhabi Golf Club,Overseas Entertainment
ABU DHABI GOLF,Overseas Entertainment
THE WESTIN AUH GOLF,Overseas Entertainment
THE DRUNKEN TACO,Overseas Entertainment
TAKATO,Overseas Entertainment
CARBONE MIAMI,Overseas Entertainment
ROCK BAR,Overseas Entertainment
LOST WEEKEND,Overseas Entertainment
LA MULATA,Overseas Entertainment
LA NOTE BLEUE MONACO,Overseas Entertainment
CHICO FEO,Overseas Entertainment
THE ORDINARY,Overseas Entertainment
THE WRECK,Overseas Entertainment
STOREHOUSE,Overseas Entertainment
Swift Hibernian Lounge,Overseas Entertainment
THE DEAD RABBIT,Overseas Entertainment
CERVECERIA CATALANA,Overseas Entertainment
Miku Toronto,Overseas Entertainment
L'Arpege,Overseas Entertainment
Merci,Overseas Entertainment
Dorsia,Overseas Entertainment
Bistrot Leo,Overseas Entertainment
My Chef Giove Est,Overseas Entertainment
Starservicerent Autonoleggio Roma,Overseas Entertainment
A Maniccia,Overseas Entertainment
Pefil,Overseas Entertainment
Pizzeria Concettina ai Tre Santi,Overseas Entertainment
Autogrill,Overseas Entertainment
Sokolin,Overseas Entertainment
Tempora Sa France,Overseas Entertainment
Pandaria Lisboa,Overseas Entertainment
Cour des Vosges FnB,Overseas Entertainment
Brigat Paris,Overseas Entertainment
COMMUNE DE GORDES,Overseas Entertainment
AUTOROUTES DU S (VEDENE),Overseas Entertainment
COMMUNE D ARLES (ARLES CEDEX),Overseas Entertainment
HUDSONNEWS ST1247 (CARSON),Overseas Entertainment
SV Club Owner LLC,Overseas Entertainment
LOTTE NEW YORK PALACE,Overseas Entertainment
USCustoms,Overseas Travelling
Ride Cost,Overseas Travelling
City of Berverly Hills Parking,Overseas Travelling
Illumination Hospitality,Overseas Travelling
G7 Clichy,Overseas Travelling
Ivisa,Overseas Travelling
Hughes,Overseas Travelling
Esta-Assist,Overseas Travelling
Virtuo Paris,Overseas Travelling
Monop Aeroport,Overseas Travelling
LEE UFAN ARLES ARLES,Overseas Travelling
HAMID AZADIAN BERLIN,Overseas Travelling
FOURTY2 TAXI BE BERLIN,Overseas Travelling
UBER TRIP,Overseas Travelling
KANTO CAR TRAFFIC TOKYO,Overseas Travelling
CAMERA NO NANIWA KYOTO1,Overseas Travelling
YASAKA KYOTO,Overseas Travelling
ookuraya zhong yang qu,Overseas Travelling
OKAYAMATAKASHIM,Overseas Travelling
KOKE KYOTO,Overseas Travelling
HIRAGIYA ACCOMMODATION KYOTO,Overseas Travelling
KOHARU TOKYO,Overseas Travelling
TOKYOMUSEN TOKYO,Overseas Travelling
TSUTA KOTSU TOKYO,Overseas Travelling
BENESSE HOUSE MUSEUM KAGAWA,Overseas Travelling
Mobel Transport,Overseas Travelling
RAKUTENPAY BARNAKAGAWA TOKYO,Overseas Travelling
CURBSTAND AT MAYBOURNE Beverly Hills,Overseas Travelling
SP OK THE STORE LOS ANGELES,Overseas Travelling
BEVERLY HILLS JUICE,Overseas Travelling
Hyatt Pantry Park,Overseas Travelling
Black Lane,Overseas Travelling
NYCT PAYGO NEW YORK,Overseas Travelling
West Hollywood,Overseas Travelling
Flight Centre,Overseas Travelling
Holafly,Overseas Travelling
LEEUWENHOR EINDHOVEN,Overseas Travelling
DISCOVER SINGAPORE,Overseas Travelling
Buc-ee's,Overseas Travelling
"85 RAINEY STREET,",Overseas Travelling
Uber - New York,Overseas Travelling
ONLINE TRANSPORT,Overseas Travelling
Santa Monica Brew,Overseas Travelling
AWG AMBASSADOR,Overseas Travelling
MR ANDREW COLEY,Overseas Travelling
CHINA EASTERN AIR,Overseas Travelling
AIRCANADA,Overseas Travelling
IMMIGRATION CANADA,Overseas Travelling
PILOT BOWMAN,Overseas Travelling
HUB CONVINIENCE,Overseas Travelling
USCUSTOMS ESTA,Overseas Travelling
New Haven,Overseas Travelling
Pay go,Overseas Travelling
COMMUNE DE ROUSSILLON,Overseas Travelling
SC TABAC HECTOR (ROUSSILLON),Overseas Travelling
SUPERBA FOOD & BRE,Overseas Travelling
HORSES LA,Overseas Travelling
Foodora Norway,Overseas Travelling
OSL LUFTHAVN,Overseas Travelling
BEL AIR COUNTRY CLUB,Overseas Travelling
TST* OWA 2 (VENICE),Overseas Travelling
NBCUMARKETPLACE QPS,Overseas Travelling
LAX PGA FAN SHOP,Overseas Travelling
Mcdonalds,Subsistence
MCDONALD,Subsistence
Torchys Tacos,Subsistence
CIRCLE K,Subsistence
Kokoro Dorking,Subsistence
SHAKESPEARE,Subsistence
Marks & Spencer,Subsistence
SR-MONTE FORTE,Subsistence
MCDONALD'S,Subsistence
Chalk Hills Bakery,Subsistence
LOST & FOUND,Subsistence
WAFFLE HOUSE,Subsistence
NORDSTROM,Subsistence
7-Eleven,Subsistence
CIUTAT CONDAL,Subsistence
WAITROSE 644,Subsistence
MARCELS CANAL WALK (CENTURY CITY),Subsistence
CASTLEMEAD POULTRY,Subsistence
Kuro Bakery,Subsistence
ATG Tickets,Theatre Tickets
TIFF,Theatre Tickets
Disney Plus,Theatre Tickets
Nimax Theatres Limited,Theatre Tickets
BFI,Theatre Tickets
Picturehouse Cinemas,Theatre Tickets
Soho Theatre,Theatre Tickets
12 Cents,Theatre Tickets
Empire Cinemas,Theatre Tickets
Cadogan Hall,Theatre Tickets
Odeon,Theatre Tickets
Cineworld,Theatre Tickets
3EFTA ENTS,Theatre Tickets
Curzon,Theatre Tickets
281BE Cinema,Theatre Tickets
X1608 ENTS,Theatre Tickets
ENTS London,Theatre Tickets
Playhouse Theatre,Theatre Tickets
Vue,Theatre Tickets
The London Palladium,Theatre Tickets
Royal Opera House,Theatre Tickets
Royal Court Theatre,Theatre Tickets
Jerusalem Tickets London,Theatre Tickets
Sony Pictures,Theatre Tickets
WB Studio Tour,Theatre Tickets
Apollo Theatre,Theatre Tickets
Duke of York - Theatre,Theatre Tickets
BFI-British Film Institute,Theatre Tickets
Moma,Theatre Tickets
Prince Charles Cinema,Theatre Tickets
Indiegogo,Theatre Tickets
London Ticket Club,Theatre Tickets
Derren Brown Tickets,Theatre Tickets
Booth Theatre,Theatre Tickets
Encore Tockets,Theatre Tickets
Almeida Theater,Theatre Tickets
LW Theatres,Theatre Tickets
Phoenix Theatre,Theatre Tickets
Vue Entertainment,Theatre Tickets
OTT Criterion Theatre Trust,Theatre Tickets
DELFONT MACKINTOSH THEA UNITED KINGDOM,Theatre Tickets
LONDON THEATRE DIRECT LONDON,Theatre Tickets
LONDON ENCORE TICKETS,Theatre Tickets
THEATRE ROYAL,Theatre Tickets
NIMAX Theatres,Theatre Tickets
Hampstead Theatre,Theatre Tickets
Sunningdale Golf Club,"Golf expenses - 50% BU, 3057 - Golf expenses"
Clubhouse Golf,"Golf expenses - 50% BU, 3057 - Golf expenses"
Royal St. George's Golf Club,"Golf expenses - 50% BU, 3057 - Golf expenses"
Quaker Ridge Golf Club,"Golf expenses - 50% BU, 3057 - Golf expenses"
Dumgolf,"Golf expenses - 50% BU, 3057 - Golf expenses"
Links House Limited,"Golf expenses - 50% BU, 3057 - Golf expenses"
Royal Dornoch Golf Club,"Golf expenses - 50% BU, 3057 - Golf expenses"
Nairn Golf Club,"Golf expenses - 50% BU, 3057 - Golf expenses"
National Golf Links Of America,"Golf expenses - 50% BU, 3057 - Golf expenses"
Argentario Golf Resort,"Golf expenses - 50% BU, 3057 - Golf expenses"
World of Golf London,"Golf expenses - 50% BU, 3057 - Golf expenses"
Hotel Montalembert Paris,Subsistence
La Halle Aux Grains,Subsistence
WATERSTONES LONDON,Subsistence
TOTTENHAM,Subsistence
Coffee Boxx,Subsistence
PATKINS NEWS,Subsistence
Bone Daddies,Subsistence
Lavelle Coffee,Subsistence
INDUSTRIE PIZZERIA,Subsistence
Scarlet Violet,"Flowers - 50% BU, 3050 - Drawings"
SCARLET & VIOLET LIMITED,"Flowers - 50% BU, 3050 - Drawings, 2202 - VAT Liability"
Burke Williams,Gifts
The Bottle Club,Gifts
Groupgreetings,Gifts
JC Meade Limited,Gifts
Scarlet & Violet,Gifts
Floom.com,Gifts
Aesop,Gifts
John Lewis,Gifts
Fortnum and Mason,Gifts
Platform 9,Gifts
Rapha Racing,Gifts
Liberty Retail,Gifts
Prada,Gifts
Eleanor Campbell,Gifts
M&R Morton,Gifts
Soho Wine,Gifts
Scribbler,Gifts
Fortitude Bakehouse,Gifts
Printed.com,Gifts
Grace & Thorn,Gifts
Green envelope,Gifts
Hotel Chocolat,Gifts
Plant Shed,Gifts
Zeze Choice Flowers,Gifts
The Noble Collection,Gifts
"LuckyChap Entertainment, Inc.",Gifts
SP Sren Solkr,Gifts
Utsuwakaede,Gifts
Memento Flowers,Gifts
JUNO MEDIA LIMITED LONDON,Gifts
Food and Wine Ltd,Gifts
POP-UP AT 47,Gifts
Group Greeting,Gifts
SP SCARLET VIOLET,Gifts
Metro Imaging Limited,Gifts
FEVER UK,Events
Snappy Snaps,Printing
Eat your Photo,Printing
Argos,Printing
Post Office,Postage and Carriage
Fedex,Postage and Carriage
Pitney Bowes Finance Limited,Postage and Carriage
Royal Mail,Postage and Carriage
UPS,Postage and Carriage
Mailboxes Etc,Postage and Carriage
Central Dispatch Services,Postage and Carriage
Dynamic Freight Shipping,Postage and Carriage
Latest Weybridge,Postage and Carriage
FedEx Express,Postage and Carriage
POSTMARK LONDON,Postage and Carriage
LADBROKE GROVE POST OFF,Postage and Carriage
Air Mail,Postage and Carriage
Credit Line Call Centre,Telephone
E-Tech Zone,Telephone
LS Ismash London,Telephone
Bespoke Telecoms,Telephone
Vodaphone,"Telephone and Fax, 2202 - VAT"
Zoom,"Telephone, 2202 - VAT control"
Robert John Silva,"Telephone, 2202 - VAT control"
JG PEST CONTROL,Office Supplies
Pest control spray,Office Supplies
AMZNMKTPLACE,Office Supplies
FORTNUMANDMASON.COM,Office Supplies
AMAZON.CO.UK,Office Supplies
FUNKY HIRE LIMITED,Office Supplies
CVS/PHARMACY,Office Supplies
BOOTS THE CHEMIST,Office Supplies
L CORNELISSEN & SON LTD,Office Stationery
Formstack LLC,Office Stationery
W H Smith,Office Stationery
Home Retail Group PLC,Office Stationery
1153 Southampton Row,Office Stationery
London Graphic Centre,Office Stationery
Rymans,Office Stationery
Ebay,Office Stationery
Paypal,Office Stationery
Astraza Limited,Office Stationery
FrameStore Ltd,Office Stationery
Labels Online,Office Stationery
Crater Press,Office Stationery
P2K DOT CO,Office Stationery
HAGEN ESPRESSO,Office Stationery
1ST STOP STATIONERS LTD REIGATE,Office Stationery
HP Instant Ink,Office Stationery
HPI INSTANT INK UK,Office Stationery
Smythson,"Office Stationery, 2202 - VAT control"
IKEA ONLINE,"Office Stationery, 2202 - VAT control"
IKEA,"Office Stationery, 2202 - VAT control"
Klaraanic-Kaliger,"Office Stationery, 2202 - VAT control"
Canva,"Office Stationery, 2202 - VAT control"
Peter Jones,"Office Stationery, 2202 - VAT control"
Kindle UK,Books and Research
Waterstone,Books and Research
Mami Wata,Books and Research
The Walt Disney,Books and Research
David's Comics,Books and Research
Sundance Institute,Books and Research
The British Museum,Books and Research
Blackwells,Books and Research
Gallery Anzenberger,Books and Research
Dougal Wilson,Books and Research
MASTERCLASS.COM,Books and Research
Alhambra,Books and Research
Analogue Wonderland,Books and Research
Gallerie Dell'Accademia,Books and Research
Arcana,Books and Research
Soren Solkaer,Books and Research
Barbican Centre,Books and Research
BFI IMAX,Books and Research
MMA Kiosk,Books and Research
RIJKSMUSEUMKASSA,Books and Research
AB*Abebooks,Books and Research
Equal Justice,Books and Research
Prime Video,Books and Research
Tokyo Photographic Art Museum,Books and Research
Mustafa Suleyman,Books and Research
VARDOULAKIS,Books and Research
BookBank Limited,Books and Research
John Sandoe,Books and Research
Tara Cairns,Books and Research
Amazon Prime,Books and Research
New Yorker - Digit New York,Books and Research
APPLE.COM/BILL,Books and Research
Audible UK,Books and Research
CKO*Wob,Books and Research
Daunt Books,Books and Research
Hatchards,Books and Research
Audible,Books and Research
BRITISH FILM INSTITUTE LONDON,Books and Research
THE ECONOMIST The Econo LONDON,Books and Research
Kettles Yard,Books and Research
NEUE NATIONALGALERIE BERLIN,Books and Research
KULTURFORUM BERLIN,Books and Research
LAGARDERE RETAIL,Books and Research
LAGARDERE RETAIL-FIL,Books and Research
HAMBURGER BAHNHOF BERLIN,Books and Research
ALTES MUSEUM BERLIN,Books and Research
"Delaware North, Emirate London",Books and Research
John Sandoe Books London,Books and Research
DAVID CAPPAERT,Books and Research
THE L&R BOOKSHOP THE L&,Books and Research
DELFONT MACKINTOSH,Books and Research
THE FIFTH STEP,Books and Research
Rococo News & Magazines,Books etc. (7505)
The Week Ltd,Books etc. (7505)
Walther Koening Books,Books etc. (7505)
Rococo,Books etc. (7505)
Arlanda T5 Pier B,Books etc. (7505)
HODINKEEMAG,Books
AUTOSPORT,Books
DVC RENTAL,Books
MICROSOFT,Computer/Internet
LastPass Log In,Computer/Internet
Final Draft,Computer/Internet
Entertainment Partners,Computer/Internet
Software 1985,Computer/Internet
Teamviewer,Computer/Internet
Viasat In-Flight Wi-Fi,Computer/Internet
Express VPN,Computer/Internet
paddle.net,Computer/Internet
Name-Cheap,Computer/Internet
R S Traders,Computer/Internet
Google,Computer/Internet
Hands Shibuya - Tokyo,Computer/Internet
A0482 Ents London,Computer/Internet
City Hive,Computer/Internet
Telegraph Media Group,Computer/Internet
SP Botaniques London,Computer/Internet
X7279 Ents London,Computer/Internet
NAS INFLIGHT WIFI,Computer/Internet
SURREY.KEYIVR. B'HAM,Computer/Internet
Macpaw,"Computer/Internet, 2202 - VAT control"
Five Filters,"Computer/Internet, 2202 - VAT control"
C Telekom Inc,"Computer/Internet, 2202 - VAT control"
KeeperSecurity.com,"Computer/Internet, 2202 - VAT control"
Vue Entertainment Ltd,Research
Vue Cinemas,Research
Noel Coward Theatre,Research
Nimax Theatre,Research
Hobgoblin Music,Research
National Theatre Birmingham,Research
National Theatre London,Research
White City House Cinema,Research
Andrew Kidd,Research
Sadlers Wells Limited,Research
The Courtauld Institute of Art,Research
The Cinema,Research
Heywood Hill Ltd,Research
The Harold Pinter Theatre,Research
Prince Edward Theatre,Research
Savoy Theatre,Research
The Bush Theatre,Research
GILLIAN LYNNE THEATRE (LONDON WC2B),Research
Vue Cinemas (Reading),Research
PUCK NEWS,Research
LANDMARK THEATRES SUNS,Research
WEBTICKETS (CAPE TOWN),Research
Godaddy,Research
Active 24 S.R.O. Prague,Internet Charges
ZEN INTERNET LTD,Internet Charges
Dropbox,Computers & Software
IM SOFTWARE LTD,Computers & Software
DROPBOXINTE,Computers & Software
CLEVERBRIDGE,Computers & Software
im software,Computers & Software
Gatwick Parking,Computers & Software
Patreon* MembershipPat (Internet),Computers & Software
ionos,"Computers & Software, 2202 - VAT"
IONOS LTD,"Computers & Software, 2202 - VAT"
Sinorrah IT Solutions,"Computers & Software, 2202 - VAT Liability"
De Pinna LLP,Legal Fees
US CUSTOMS ESTA,Legal Fees
Rose Uniacke Studio Ltd,"Consultancy Fees, 2202 - VAT control"
Companies House,Professional Fees
Green hasson & janks,Professional Fees
GRAMMARLY,Software Subscriptions
TOPAZ LABS SOFTWARE,Software Subscriptions
Sage Global Services,"Software Subscriptions, 2202 - VAT"
Ldn Horticulture Ltd,2SC Repairs and Renewals - 20% BU
Lampwise.com,Repairs and Renewals
CAPITAL SERVICES 3,Repairs and Renewals
Wash Doctors,Cleaning
Hollyway Cleaners,Cleaning
Gorillas London,Courier
GOPHR,Courier
Robert Taussing,2SC Expenses - 20% BU
Associated Security,"2SC Expenses - 20% BU, 3070 - 2SC Expenses"
Shurgard-Self-Storage,Storage
Morris Angel & Son,Storage
MTG -Mortgage,Bank Interest Paid
SWB Mortgages,Bank Interest Paid
Charges,Bank Charges
Bank Charges,Bank Charges
Membership Fee,Bank Charges
Non-Sterling Transaction Fee,Bank Charges
Cardmembership Fee,Bank Charges
Cash Advance Fee,Bank Charges
AFTS,Bank Charges
Commission,Bank Charges
David Coul,Bank Charges
Ziffren Brittenham LLP,"Bank Charges, 2103 - Hooded Unlimited"
BEAUMONT NATHAN ART ADVISORY LIMIT 31 DOVER STREET LONDON W1S 4ND GB,"Bank Charges, 3063 - Antiques and Artwork"
Virgin Money Giving,"Bank Charges, 3067 - Donations - With Gift aid"
The Big Give,"Bank Charges, 8200 - Donations - No gift aid"
Time and tide,"Bank Charges, 9998 - Suspense Account"
HUDSONNEWS,Research Materials
THE DAILY WIRE,Research Materials
Exchange difference,Exchange Rate Variance
Barclays,Exchange Rate Variance
Amex,Exchange Rate Variance
Crowd Strike Inc,Exchange Rate Variance
Frame.io,Exchange Rate Variance
Fat Tuesday,Exchange Rate Variance
ESME Hotel,Exchange Rate Variance
Miami Beach,Exchange Rate Variance
Monte Carlo Bay,Exchange Rate Variance
Ritz Carlton Dubai,Exchange Rate Variance
La Esquina - SoHo,Exchange Rate Variance
Payment: New Love Productions Ltd,"Exchange Rate Variance, 1100 - Debtors Control Account"
Payment: Poppet Productions Limited,"Exchange Rate Variance, 1100 - Debtors Control Account"
Payment: Mate Pictures Ltd,"Exchange Rate Variance, 1100 - Debtors Control Account"
Payment: Cyrano UK Productions,"Exchange Rate Variance, 1100 - Debtors Control Account"
Payment: Transatlantic Productions LLC,"Exchange Rate Variance, 1100 - Debtors Control Account"
Payment: Catherine Birdy Productions Ltd,"Exchange Rate Variance, 1100 - Debtors Control Account"
Payment: Magnificent Productions Ltd,"Exchange Rate Variance, 1100 - Debtors Control Account"
Payment: Apple Studios LLC,"Exchange Rate Variance, 1100 - Debtors Control Account"
Payment: Plastercast Productions LLC,"Exchange Rate Variance, 1100 - Debtors Control Account"
Payment: Amazon Studios LLC,"Exchange Rate Variance, 1100 - Debtors Control Account"
"Payment: Grand Leo Productions, LLC","Exchange Rate Variance, 1100 - Debtors Control Account"
Payment: Working Title Films Ltd,"Exchange Rate Variance, 1100 - Debtors Control Account"
Payment: PRESSURE POINT PRODUCTIONS LIMITED,"Exchange Rate Variance, 1100 - Debtors Control Account"
Payment: Mad Leo UK Productions Ltd,"Exchange Rate Variance, 1100 - Debtors Control Account"
Payment: Ziffren Brittenham LLP,"Exchange Rate Variance, 2100 - Creditors Control Account"
Payment: Fifty One,"Exchange Rate Variance, 2100 - Creditors Control Account"
Payment: United Talent Agency (UTA),"Exchange Rate Variance, 2100 - Creditors Control Account"
Payment: David Kordansky Gallery,"Exchange Rate Variance, 2100 - Creditors Control Account"
Payment: Masterpiece International,"Exchange Rate Variance, 2100 - Creditors Control Account"
Payment: Complete Fiction Pictures,"Exchange Rate Variance, 2100 - Creditors Control Account"
"Payment: PLMJ Advogados, SP, RL","Exchange Rate Variance, 2100 - Creditors Control Account"
HMRC CUMBERNAULD,"Other Interest Charges, 2210 - P.A.Y.E."
DH Pension,Investment Transfer
HEALTH FEET FIRST LIMI LONDON,Admin - Private health
KICKSTARTER.COM,Donations
GOODBOX SALFORD,Donations
ORCHID CANCER APPE LONDON,Donations
JustGiving,Donations
NSPCC,Donations - No gift aid
Médecins Sans Frontières,Donations - No gift aid
Friends of the Earth,Donations - No gift aid
Film Nation UK,Donations - No gift aid
Holocaust Educational Trust,Donations - No gift aid
WWW.PDSA.ORG.UK,Donations - No gift aid
FRDS OF THE EARTH,Donations - No gift aid
Med Sans Frontiere,Donations - No gift aid
Medecins Sans Fron,Donations - No gift aid
GoFundme,Donations - No gift aid
WWW.DEC.ORG.UK,Donations - No gift aid
Givergy,Donations - No gift aid
UNHCR,Donations - No gift aid
240 Project,Donations - No gift aid
Frazzled Cafe,Donations - No gift aid
The Big Issue,Donations - No gift aid
Human Practice Foundation,Donations - No gift aid
Mr & Mrs Smith,Donations - No gift aid
The Q Foundation London,Donations - No gift aid
British Film Institute,Donations - No gift aid
Gosh Charity,Donations - No gift aid
Sunningdale Caddies Benevolent,Donations - No gift aid
Helen Bamber Foundation,Donations - No gift aid
KYTE Surfer tip,Donations - No gift aid
GIVERGY: CHARITY EVENT,Donations - No gift aid
Richter Law,Donations - No gift aid
The Tim Henman Foundation,Donations - No gift aid
Go Fund Me,Donations - No gift aid
NOW TV,Subscriptions
Adobe System,Subscriptions
Thebrowser.com,Subscriptions
MUBI,Subscriptions
THE NEW YORK TIMES,Subscriptions
MBI Subscription,Subscriptions
Spotify,Subscriptions
Bloomberg.com,Subscriptions
Grammarly.com,Subscriptions
Times Newspapers Ltd,Subscriptions
Newspaper Delivery,Subscriptions
Logmein.com,Subscriptions
Controlaccount,Subscriptions
Real Vision,Subscriptions
BAFTA-British Academy of Film and Television Arts,Subscriptions
Times Ne London,Subscriptions
Vimeo,Subscriptions
Wetransfer,Subscriptions
ShotDeck,Subscriptions
IPC Media Ltd,Subscriptions
Amazon Digital,Subscriptions
NCHSOFTWARE.COM,Subscriptions
UKPROXYTV,Subscriptions
The New Yorker,Subscriptions
Master Class,Subscriptions
European Film Academy,Subscriptions
Producer Guild of America,Subscriptions
TV Licence,Subscriptions
IMDB Pro,Subscriptions
Pocket to Kindle,Subscriptions
Academy of Motion Picture Arts & Sciences,Subscriptions
NY Times,Subscriptions
Box UK,Subscriptions
EUROPEAN FILM ACADEMY E. V.,Subscriptions
PPL Sports Programme,Subscriptions
Peacock,Subscriptions
Mews System,Subscriptions
Headspace,Subscriptions
AMPAS,Subscriptions
The Browser.com,Subscriptions
LASTPASS.COM,Subscriptions
TIDAL PREMIUM GLO OSLO,Subscriptions
NEWYORKER - DIGITAL SU NEW,Subscriptions
SPEECHIFY,Subscriptions
KOINLY GREATER,Subscriptions
OTT Criterionchannel,Subscriptions
REDBUBBLE,Subscriptions
KEEPERSECURITY.COM CHICAGO,Subscriptions
MOTIONARRA,Subscriptions
HOLLYHILL,Subscriptions
TELEGRAPHM,Subscriptions
Zoom Video Communications Inc,Subscriptions
TELEGRAPHME,Subscriptions
PATREONMEMBER,Subscriptions
CHELSEA MAG CO LTD,Subscriptions
MOTOR SPORT MAGAZI,Subscriptions
Motor Sport Magazine,Subscriptions
telegraph,Subscriptions
EXPRESSVPN,Subscriptions
EUG04091 CRAWLEY,Subscriptions
CNP* WIRED - DIGITAL,Subscriptions
TELEGRAPH MEDIA,Subscriptions
MICROSOFT 365,Subscriptions
GUARDIAN NEWS & MEDIA,Subscriptions
SKY 1653,Subscriptions
NYTIMES,Subscriptions
APP Renew,Subscriptions
Wall ST -Journal,Subscriptions
Sky Digital,Subscriptions
Financial Times,Subscriptions
Magazines Direct,Subscriptions
Youtube Premium,Subscriptions
Gencraft Seattle,Subscriptions
Prime Video Channels,Subscriptions
GoHenry,Subscriptions
NYTIMES DISC,Subscriptions
Tate,Subscriptions
IMDBPRO,Subscriptions
Audible Ltd,"Subscriptions, 2202 - VAT control"
Box.com (UK) Ltd,"Subscriptions, 2202 - VAT control"
Avangate BV Amsterdam,"Subscriptions, 2202 - VAT control"
Moviesoft,"Subscriptions, 2202 - VAT control"
Funimation Productions,"Subscriptions, 2202 - VAT control"
Elis Brigham,Clothing Costs
Showpeakomotesando Tokyo,Clothing Costs
HAIRDRESSIN,Clothing Costs
SHINER'S SALOON,Clothing Costs
LINDBERGH,Clothing Costs
CHRISTIAN LOUBOUTIN,Clothing Costs
Sons,Clothing Costs
County Clothes,Clothing Costs
ASHWORTH AND BIRD,Clothing Costs
CHRISTIAN LOUBOUTIN LLC,Clothing Costs
Rose Uniacke,"Clothing Costs, 2202 - VAT control"
Miles Yekinni,Training Costs
OLJA MLADJENOVIC,Training Costs
Arthur J. Gallagher Insurance,Insurance
AWP P and C Main AW,Insurance
ADMIRAL MOTO,Insurance
ADRIAN FLUX,Insurance
Apple Retail UK,Insurance
County Insurance,Insurance
Bens Fruit and Veg,"Household Food - 10% BU, 3050 - Drawings"
BEANBERRY COFFEE,Refreshments/Staff welfare
VISION TEAM LTD,Refreshments/Staff welfare
Kutir London,Refreshments/Staff welfare
Benugo,Refreshments/Staff welfare
Hush Brasserie,Refreshments/Staff welfare
Zizzi,Refreshments/Staff welfare
DIBS,Refreshments/Staff welfare
